x-axis,1
second,Volt
-578.24000E-06,
-578.21500E-06,+22.05772884E-03
-578.19000E-06,+22.05772884E-03
-578.16500E-06,+25.57237330E-03
-578.14000E-06,+26.99496748E-03
-578.11500E-06,+25.40500928E-03
-578.09000E-06,+23.64768705E-03
-578.06500E-06,+25.57237330E-03
-578.04000E-06,+23.48032303E-03
-578.01500E-06,+20.46777064E-03
-577.99000E-06,+23.81505107E-03
-577.96500E-06,+25.40500928E-03
-577.94000E-06,+27.16233151E-03
-577.91500E-06,+26.99496748E-03
-577.89000E-06,+28.91965373E-03
-577.86500E-06,+26.82760346E-03
-577.84000E-06,+23.81505107E-03
-577.81500E-06,+25.40500928E-03
-577.79000E-06,+25.40500928E-03
-577.76500E-06,+23.64768705E-03
-577.74000E-06,+22.05772884E-03
-577.71500E-06,+25.57237330E-03
-577.69000E-06,+28.75228971E-03
-577.66500E-06,+26.99496748E-03
-577.64000E-06,+25.40500928E-03
-577.61500E-06,+25.40500928E-03
-577.59000E-06,+25.40500928E-03
-577.56500E-06,+25.40500928E-03
-577.54000E-06,+25.40500928E-03
-577.51500E-06,+25.40500928E-03
-577.49000E-06,+23.64768705E-03
-577.46500E-06,+23.81505107E-03
-577.44000E-06,+27.16233151E-03
-577.41500E-06,+26.99496748E-03
-577.39000E-06,+21.89036482E-03
-577.36500E-06,+23.98241509E-03
-577.34000E-06,+26.99496748E-03
-577.31500E-06,+23.64768705E-03
-577.29000E-06,+25.57237330E-03
-577.26500E-06,+28.75228971E-03
-577.24000E-06,+28.75228971E-03
-577.21500E-06,+25.23764526E-03
-577.19000E-06,+23.81505107E-03
-577.16500E-06,+23.64768705E-03
-577.14000E-06,+22.05772884E-03
-577.11500E-06,+22.05772884E-03
-577.09000E-06,+22.05772884E-03
-577.06500E-06,+22.05772884E-03
-577.04000E-06,+23.81505107E-03
-577.01500E-06,+23.64768705E-03
-576.99000E-06,+23.81505107E-03
-576.96500E-06,+25.40500928E-03
-576.94000E-06,+25.40500928E-03
-576.91500E-06,+23.64768705E-03
-576.89000E-06,+25.57237330E-03
-576.86500E-06,+26.99496748E-03
-576.84000E-06,+25.40500928E-03
-576.81500E-06,+23.64768705E-03
-576.79000E-06,+25.57237330E-03
-576.76500E-06,+28.75228971E-03
-576.74000E-06,+25.23764526E-03
-576.71500E-06,+25.57237330E-03
-576.69000E-06,+25.23764526E-03
-576.66500E-06,+22.05772884E-03
-576.64000E-06,+22.05772884E-03
-576.61500E-06,+23.81505107E-03
-576.59000E-06,+23.64768705E-03
-576.56500E-06,+22.05772884E-03
-576.54000E-06,+23.81505107E-03
-576.51500E-06,+23.64768705E-03
-576.49000E-06,+23.81505107E-03
-576.46500E-06,+25.40500928E-03
-576.44000E-06,+27.16233151E-03
-576.41500E-06,+25.23764526E-03
-576.39000E-06,+23.81505107E-03
-576.36500E-06,+25.40500928E-03
-576.34000E-06,+21.89036482E-03
-576.31500E-06,+22.22509286E-03
-576.29000E-06,+25.40500928E-03
-576.26500E-06,+27.16233151E-03
-576.24000E-06,+28.75228971E-03
-576.21500E-06,+25.23764526E-03
-576.19000E-06,+25.57237330E-03
-576.16500E-06,+25.23764526E-03
-576.14000E-06,+23.81505107E-03
-576.11500E-06,+27.16233151E-03
-576.09000E-06,+26.99496748E-03
-576.06500E-06,+27.16233151E-03
-576.04000E-06,+26.99496748E-03
-576.01500E-06,+25.40500928E-03
-575.99000E-06,+25.40500928E-03
-575.96500E-06,+25.40500928E-03
-575.94000E-06,+27.16233151E-03
-575.91500E-06,+26.99496748E-03
-575.89000E-06,+25.40500928E-03
-575.86500E-06,+23.64768705E-03
-575.84000E-06,+25.57237330E-03
-575.81500E-06,+26.99496748E-03
-575.79000E-06,+23.64768705E-03
-575.76500E-06,+22.05772884E-03
-575.74000E-06,+23.81505107E-03
-575.71500E-06,+23.64768705E-03
-575.69000E-06,+22.05772884E-03
-575.66500E-06,+25.57237330E-03
-575.64000E-06,+28.75228971E-03
-575.61500E-06,+26.99496748E-03
-575.59000E-06,+23.64768705E-03
-575.56500E-06,+22.05772884E-03
-575.54000E-06,+23.81505107E-03
-575.51500E-06,+23.64768705E-03
-575.49000E-06,+22.05772884E-03
-575.46500E-06,+22.05772884E-03
-575.44000E-06,+22.05772884E-03
-575.41500E-06,+22.05772884E-03
-575.39000E-06,+25.57237330E-03
-575.36500E-06,+25.23764526E-03
-575.34000E-06,+22.05772884E-03
-575.31500E-06,+23.81505107E-03
-575.29000E-06,+23.64768705E-03
-575.26500E-06,+23.81505107E-03
-575.24000E-06,+27.16233151E-03
-575.21500E-06,+26.99496748E-03
-575.19000E-06,+23.64768705E-03
-575.16500E-06,+23.81505107E-03
-575.14000E-06,+25.40500928E-03
-575.11500E-06,+25.40500928E-03
-575.09000E-06,+27.16233151E-03
-575.06500E-06,+26.99496748E-03
-575.04000E-06,+25.40500928E-03
-575.01500E-06,+25.40500928E-03
-574.99000E-06,+23.64768705E-03
-574.96500E-06,+23.81505107E-03
-574.94000E-06,+23.64768705E-03
-574.91500E-06,+23.81505107E-03
-574.89000E-06,+27.16233150E-03
-574.86500E-06,+25.23764526E-03
-574.84000E-06,+22.05772884E-03
-574.81500E-06,+23.81505107E-03
-574.79000E-06,+23.64768705E-03
-574.76500E-06,+23.81505107E-03
-574.74000E-06,+21.89036482E-03
-574.71500E-06,+20.46777063E-03
-574.69000E-06,+23.81505107E-03
-574.66500E-06,+25.40500928E-03
-574.64000E-06,+25.40500928E-03
-574.61500E-06,+25.40500928E-03
-574.59000E-06,+23.64768705E-03
-574.56500E-06,+22.05772884E-03
-574.54000E-06,+25.57237330E-03
-574.51500E-06,+28.75228971E-03
-574.49000E-06,+26.99496748E-03
-574.46500E-06,+23.64768705E-03
-574.44000E-06,+22.05772884E-03
-574.41500E-06,+22.05772884E-03
-574.39000E-06,+22.05772884E-03
-574.36500E-06,+23.81505107E-03
-574.34000E-06,+25.40500928E-03
-574.31500E-06,+23.64768705E-03
-574.29000E-06,+25.57237330E-03
-574.26500E-06,+25.23764526E-03
-574.24000E-06,+23.81505107E-03
-574.21500E-06,+27.16233150E-03
-574.19000E-06,+25.23764526E-03
-574.16500E-06,+23.81505107E-03
-574.14000E-06,+23.64768705E-03
-574.11500E-06,+22.05772884E-03
-574.09000E-06,+22.05772884E-03
-574.06500E-06,+23.81505107E-03
-574.04000E-06,+25.40500928E-03
-574.01500E-06,+27.16233150E-03
-573.99000E-06,+26.99496748E-03
-573.96500E-06,+25.40500928E-03
-573.94000E-06,+27.16233150E-03
-573.91500E-06,+26.99496748E-03
-573.89000E-06,+25.40500928E-03
-573.86500E-06,+27.16233150E-03
-573.84000E-06,+26.99496748E-03
-573.81500E-06,+25.40500928E-03
-573.79000E-06,+23.64768705E-03
-573.76500E-06,+22.05772884E-03
-573.74000E-06,+23.81505107E-03
-573.71500E-06,+21.89036482E-03
-573.69000E-06,+22.22509286E-03
-573.66500E-06,+25.40500928E-03
-573.64000E-06,+27.16233150E-03
-573.61500E-06,+28.75228971E-03
-573.59000E-06,+26.99496748E-03
-573.56500E-06,+25.40500928E-03
-573.54000E-06,+21.89036482E-03
-573.51500E-06,+20.46777063E-03
-573.49000E-06,+22.05772884E-03
-573.46500E-06,+22.05772884E-03
-573.44000E-06,+20.30040661E-03
-573.41500E-06,+23.98241509E-03
-573.39000E-06,+23.48032303E-03
-573.36500E-06,+20.46777063E-03
-573.34000E-06,+23.81505107E-03
-573.31500E-06,+25.40500928E-03
-573.29000E-06,+21.89036482E-03
-573.26500E-06,+20.46777063E-03
-573.24000E-06,+25.57237330E-03
-573.21500E-06,+25.23764526E-03
-573.19000E-06,+25.57237330E-03
-573.16500E-06,+25.23764526E-03
-573.14000E-06,+23.81505107E-03
-573.11500E-06,+27.16233150E-03
-573.09000E-06,+25.23764526E-03
-573.06500E-06,+25.57237330E-03
-573.04000E-06,+25.23764526E-03
-573.01500E-06,+22.05772884E-03
-572.99000E-06,+25.57237330E-03
-572.96500E-06,+23.48032303E-03
-572.94000E-06,+22.22509286E-03
-572.91500E-06,+23.64768705E-03
-572.89000E-06,+25.57237330E-03
-572.86500E-06,+26.99496749E-03
-572.84000E-06,+25.40500928E-03
-572.81500E-06,+23.64768705E-03
-572.79000E-06,+23.81505107E-03
-572.76500E-06,+27.16233150E-03
-572.74000E-06,+25.23764526E-03
-572.71500E-06,+22.05772884E-03
-572.69000E-06,+23.81505107E-03
-572.66500E-06,+25.40500928E-03
-572.64000E-06,+23.64768705E-03
-572.61500E-06,+25.57237330E-03
-572.59000E-06,+28.75228971E-03
-572.56500E-06,+26.99496749E-03
-572.54000E-06,+23.64768705E-03
-572.51500E-06,+23.81505107E-03
-572.49000E-06,+25.40500928E-03
-572.46500E-06,+25.40500928E-03
-572.44000E-06,+27.16233150E-03
-572.41500E-06,+25.23764526E-03
-572.39000E-06,+22.05772884E-03
-572.36500E-06,+22.05772884E-03
-572.34000E-06,+22.05772884E-03
-572.31500E-06,+22.05772884E-03
-572.29000E-06,+23.81505107E-03
-572.26500E-06,+25.40500928E-03
-572.24000E-06,+25.40500928E-03
-572.21500E-06,+28.91965373E-03
-572.19000E-06,+26.82760347E-03
-572.16500E-06,+22.05772884E-03
-572.14000E-06,+23.81505107E-03
-572.11500E-06,+25.40500928E-03
-572.09000E-06,+25.40500928E-03
-572.06500E-06,+25.40500928E-03
-572.04000E-06,+25.40500928E-03
-572.01500E-06,+25.40500928E-03
-571.99000E-06,+23.64768705E-03
-571.96500E-06,+23.81505107E-03
-571.94000E-06,+27.16233150E-03
-571.91500E-06,+28.75228971E-03
-571.89000E-06,+26.99496749E-03
-571.86500E-06,+23.64768705E-03
-571.84000E-06,+22.05772884E-03
-571.81500E-06,+22.05772884E-03
-571.79000E-06,+22.05772884E-03
-571.76500E-06,+20.30040661E-03
-571.74000E-06,+20.46777063E-03
-571.71500E-06,+22.05772884E-03
-571.69000E-06,+22.05772884E-03
-571.66500E-06,+23.81505107E-03
-571.64000E-06,+23.64768705E-03
-571.61500E-06,+25.57237330E-03
-571.59000E-06,+26.99496749E-03
-571.56500E-06,+25.40500928E-03
-571.54000E-06,+23.64768705E-03
-571.51500E-06,+25.57237330E-03
-571.49000E-06,+28.75228971E-03
-571.46500E-06,+28.75228971E-03
-571.44000E-06,+26.99496749E-03
-571.41500E-06,+25.40500928E-03
-571.39000E-06,+23.64768705E-03
-571.36500E-06,+23.81505107E-03
-571.34000E-06,+25.40500928E-03
-571.31500E-06,+23.64768705E-03
-571.29000E-06,+23.81505107E-03
-571.26500E-06,+25.40500928E-03
-571.24000E-06,+25.40500928E-03
-571.21500E-06,+27.16233150E-03
-571.19000E-06,+23.48032303E-03
-571.16500E-06,+22.22509286E-03
-571.14000E-06,+25.40500928E-03
-571.11500E-06,+25.40500928E-03
-571.09000E-06,+25.40500928E-03
-571.06500E-06,+23.64768705E-03
-571.04000E-06,+20.30040661E-03
-571.01500E-06,+20.46777063E-03
-570.99000E-06,+22.05772884E-03
-570.96500E-06,+22.05772884E-03
-570.94000E-06,+23.81505107E-03
-570.91500E-06,+23.64768705E-03
-570.89000E-06,+23.81505107E-03
-570.86500E-06,+25.40500928E-03
-570.84000E-06,+27.16233150E-03
-570.81500E-06,+26.99496749E-03
-570.79000E-06,+25.40500928E-03
-570.76500E-06,+25.40500928E-03
-570.74000E-06,+23.64768705E-03
-570.71500E-06,+25.57237330E-03
-570.69000E-06,+25.23764526E-03
-570.66500E-06,+22.05772884E-03
-570.64000E-06,+23.81505107E-03
-570.61500E-06,+23.64768705E-03
-570.59000E-06,+22.05772884E-03
-570.56500E-06,+23.81505107E-03
-570.54000E-06,+25.40500928E-03
-570.51500E-06,+21.89036482E-03
-570.49000E-06,+22.22509286E-03
-570.46500E-06,+25.40500928E-03
-570.44000E-06,+25.40500928E-03
-570.41500E-06,+27.16233150E-03
-570.39000E-06,+25.23764526E-03
-570.36500E-06,+22.05772884E-03
-570.34000E-06,+23.81505107E-03
-570.31500E-06,+23.64768705E-03
-570.29000E-06,+22.05772884E-03
-570.26500E-06,+23.81505107E-03
-570.24000E-06,+21.89036482E-03
-570.21500E-06,+23.98241509E-03
-570.19000E-06,+25.23764526E-03
-570.16500E-06,+23.81505107E-03
-570.14000E-06,+23.64768705E-03
-570.11500E-06,+23.81505107E-03
-570.09000E-06,+23.64768705E-03
-570.06500E-06,+22.05772884E-03
-570.04000E-06,+25.57237330E-03
-570.01500E-06,+28.75228971E-03
-569.99000E-06,+26.99496749E-03
-569.96500E-06,+25.40500928E-03
-569.94000E-06,+25.40500928E-03
-569.91500E-06,+21.89036482E-03
-569.89000E-06,+20.46777063E-03
-569.86500E-06,+23.81505107E-03
-569.84000E-06,+27.16233150E-03
-569.81500E-06,+25.23764526E-03
-569.79000E-06,+25.57237330E-03
-569.76500E-06,+28.75228971E-03
-569.74000E-06,+28.75228971E-03
-569.71500E-06,+26.99496749E-03
-569.69000E-06,+27.16233150E-03
-569.66500E-06,+26.99496749E-03
-569.64000E-06,+23.64768705E-03
-569.61500E-06,+23.81505107E-03
-569.59000E-06,+25.40500928E-03
-569.56500E-06,+25.40500928E-03
-569.54000E-06,+23.64768705E-03
-569.51500E-06,+23.81505107E-03
-569.49000E-06,+25.40500928E-03
-569.46500E-06,+25.40500928E-03
-569.44000E-06,+23.64768705E-03
-569.41500E-06,+25.57237330E-03
-569.39000E-06,+28.75228971E-03
-569.36500E-06,+28.75228971E-03
-569.34000E-06,+25.23764526E-03
-569.31500E-06,+25.57237330E-03
-569.29000E-06,+28.75228971E-03
-569.26500E-06,+28.75228971E-03
-569.24000E-06,+25.23764526E-03
-569.21500E-06,+23.81505107E-03
-569.19000E-06,+27.16233150E-03
-569.16500E-06,+25.23764526E-03
-569.14000E-06,+23.81505107E-03
-569.11500E-06,+21.89036482E-03
-569.09000E-06,+20.46777063E-03
-569.06500E-06,+22.05772884E-03
-569.04000E-06,+23.81505107E-03
-569.01500E-06,+25.40500928E-03
-568.99000E-06,+25.40500928E-03
-568.96500E-06,+25.40500928E-03
-568.94000E-06,+25.40500928E-03
-568.91500E-06,+27.16233150E-03
-568.89000E-06,+26.99496749E-03
-568.86500E-06,+23.64768705E-03
-568.84000E-06,+25.57237329E-03
-568.81500E-06,+25.23764526E-03
-568.79000E-06,+22.05772884E-03
-568.76500E-06,+22.05772884E-03
-568.74000E-06,+23.81505107E-03
-568.71500E-06,+25.40500928E-03
-568.69000E-06,+27.16233150E-03
-568.66500E-06,+25.23764526E-03
-568.64000E-06,+22.05772884E-03
-568.61500E-06,+22.05772884E-03
-568.59000E-06,+23.81505107E-03
-568.56500E-06,+25.40500928E-03
-568.54000E-06,+23.64768705E-03
-568.51500E-06,+23.81505107E-03
-568.49000E-06,+27.16233150E-03
-568.46500E-06,+25.23764526E-03
-568.44000E-06,+22.05772884E-03
-568.41500E-06,+20.30040662E-03
-568.39000E-06,+20.46777063E-03
-568.36500E-06,+23.81505107E-03
-568.34000E-06,+25.40500928E-03
-568.31500E-06,+25.40500928E-03
-568.29000E-06,+27.16233150E-03
-568.26500E-06,+28.75228971E-03
-568.24000E-06,+25.23764526E-03
-568.21500E-06,+22.05772884E-03
-568.19000E-06,+23.81505107E-03
-568.16500E-06,+23.64768705E-03
-568.14000E-06,+22.05772884E-03
-568.11500E-06,+22.05772884E-03
-568.09000E-06,+23.81505107E-03
-568.06500E-06,+23.64768705E-03
-568.04000E-06,+20.30040662E-03
-568.01500E-06,+20.46777063E-03
-567.99000E-06,+22.05772884E-03
-567.96500E-06,+22.05772884E-03
-567.94000E-06,+22.05772884E-03
-567.91500E-06,+22.05772884E-03
-567.89000E-06,+23.81505107E-03
-567.86500E-06,+25.40500928E-03
-567.84000E-06,+27.16233150E-03
-567.81500E-06,+26.99496749E-03
-567.79000E-06,+25.40500928E-03
-567.76500E-06,+25.40500928E-03
-567.74000E-06,+27.16233150E-03
-567.71500E-06,+28.75228971E-03
-567.69000E-06,+25.23764526E-03
-567.66500E-06,+22.05772884E-03
-567.64000E-06,+23.81505107E-03
-567.61500E-06,+25.40500928E-03
-567.59000E-06,+25.40500928E-03
-567.56500E-06,+27.16233150E-03
-567.54000E-06,+25.23764526E-03
-567.51500E-06,+23.81505107E-03
-567.49000E-06,+27.16233150E-03
-567.46500E-06,+25.23764526E-03
-567.44000E-06,+22.05772884E-03
-567.41500E-06,+25.57237329E-03
-567.39000E-06,+26.99496749E-03
-567.36500E-06,+27.16233150E-03
-567.34000E-06,+26.99496749E-03
-567.31500E-06,+27.16233150E-03
-567.29000E-06,+26.99496749E-03
-567.26500E-06,+25.40500928E-03
-567.24000E-06,+25.40500928E-03
-567.21500E-06,+25.40500928E-03
-567.19000E-06,+21.89036482E-03
-567.16500E-06,+23.98241509E-03
-567.14000E-06,+26.99496749E-03
-567.11500E-06,+23.64768705E-03
-567.09000E-06,+23.81505107E-03
-567.06500E-06,+23.64768705E-03
-567.04000E-06,+23.81505107E-03
-567.01500E-06,+25.40500928E-03
-566.99000E-06,+25.40500928E-03
-566.96500E-06,+25.40500928E-03
-566.94000E-06,+25.40500928E-03
-566.91500E-06,+27.16233150E-03
-566.89000E-06,+26.99496749E-03
-566.86500E-06,+21.89036483E-03
-566.84000E-06,+22.22509286E-03
-566.81500E-06,+23.64768705E-03
-566.79000E-06,+23.81505107E-03
-566.76500E-06,+23.64768705E-03
-566.74000E-06,+25.57237329E-03
-566.71500E-06,+25.23764526E-03
-566.69000E-06,+22.05772884E-03
-566.66500E-06,+23.81505107E-03
-566.64000E-06,+23.64768705E-03
-566.61500E-06,+22.05772884E-03
-566.59000E-06,+25.57237329E-03
-566.56500E-06,+25.23764526E-03
-566.54000E-06,+23.81505107E-03
-566.51500E-06,+25.40500928E-03
-566.49000E-06,+23.64768705E-03
-566.46500E-06,+20.30040662E-03
-566.44000E-06,+22.22509286E-03
-566.41500E-06,+25.40500928E-03
-566.39000E-06,+21.89036483E-03
-566.36500E-06,+20.46777063E-03
-566.34000E-06,+22.05772884E-03
-566.31500E-06,+23.81505107E-03
-566.29000E-06,+25.40500928E-03
-566.26500E-06,+25.40500928E-03
-566.24000E-06,+27.16233150E-03
-566.21500E-06,+25.23764526E-03
-566.19000E-06,+23.81505107E-03
-566.16500E-06,+23.64768705E-03
-566.14000E-06,+22.05772884E-03
-566.11500E-06,+20.30040662E-03
-566.09000E-06,+22.22509286E-03
-566.06500E-06,+25.40500928E-03
-566.04000E-06,+25.40500928E-03
-566.01500E-06,+25.40500928E-03
-565.99000E-06,+23.64768705E-03
-565.96500E-06,+22.05772884E-03
-565.94000E-06,+22.05772884E-03
-565.91500E-06,+25.57237329E-03
-565.89000E-06,+25.23764526E-03
-565.86500E-06,+25.57237329E-03
-565.84000E-06,+26.99496749E-03
-565.81500E-06,+23.64768705E-03
-565.79000E-06,+22.05772884E-03
-565.76500E-06,+23.81505107E-03
-565.74000E-06,+25.40500928E-03
-565.71500E-06,+25.40500928E-03
-565.69000E-06,+25.40500928E-03
-565.66500E-06,+25.40500928E-03
-565.64000E-06,+27.16233150E-03
-565.61500E-06,+28.75228971E-03
-565.59000E-06,+25.23764526E-03
-565.56500E-06,+23.81505107E-03
-565.54000E-06,+27.16233150E-03
-565.51500E-06,+26.99496749E-03
-565.49000E-06,+25.40500928E-03
-565.46500E-06,+23.64768705E-03
-565.44000E-06,+23.81505107E-03
-565.41500E-06,+21.89036483E-03
-565.39000E-06,+20.46777063E-03
-565.36500E-06,+23.81505107E-03
-565.34000E-06,+25.40500928E-03
-565.31500E-06,+23.64768705E-03
-565.29000E-06,+23.81505107E-03
-565.26500E-06,+23.64768705E-03
-565.24000E-06,+25.57237329E-03
-565.21500E-06,+26.99496749E-03
-565.19000E-06,+25.40500928E-03
-565.16500E-06,+25.40500928E-03
-565.14000E-06,+27.16233150E-03
-565.11500E-06,+26.99496749E-03
-565.09000E-06,+23.64768705E-03
-565.06500E-06,+25.57237329E-03
-565.04000E-06,+28.75228971E-03
-565.01500E-06,+28.75228971E-03
-564.99000E-06,+26.99496749E-03
-564.96500E-06,+25.40500928E-03
-564.94000E-06,+23.64768705E-03
-564.91500E-06,+22.05772884E-03
-564.89000E-06,+23.81505107E-03
-564.86500E-06,+23.64768705E-03
-564.84000E-06,+23.81505107E-03
-564.81500E-06,+23.64768705E-03
-564.79000E-06,+23.81505107E-03
-564.76500E-06,+25.40500928E-03
-564.74000E-06,+23.64768705E-03
-564.71500E-06,+22.05772884E-03
-564.69000E-06,+22.05772884E-03
-564.66500E-06,+23.81505107E-03
-564.64000E-06,+27.16233150E-03
-564.61500E-06,+25.23764526E-03
-564.59000E-06,+23.81505107E-03
-564.56500E-06,+23.64768705E-03
-564.54000E-06,+23.81505107E-03
-564.51500E-06,+23.64768705E-03
-564.49000E-06,+23.81505107E-03
-564.46500E-06,+25.40500928E-03
-564.44000E-06,+23.64768705E-03
-564.41500E-06,+23.81505107E-03
-564.39000E-06,+23.64768705E-03
-564.36500E-06,+23.81505107E-03
-564.34000E-06,+25.40500928E-03
-564.31500E-06,+23.64768705E-03
-564.29000E-06,+22.05772884E-03
-564.26500E-06,+23.81505107E-03
-564.24000E-06,+25.40500928E-03
-564.21500E-06,+23.64768705E-03
-564.19000E-06,+22.05772884E-03
-564.16500E-06,+23.81505107E-03
-564.14000E-06,+27.16233150E-03
-564.11500E-06,+26.99496749E-03
-564.09000E-06,+21.89036483E-03
-564.06500E-06,+20.46777063E-03
-564.04000E-06,+25.57237329E-03
-564.01500E-06,+26.99496749E-03
-563.99000E-06,+25.40500928E-03
-563.96500E-06,+27.16233150E-03
-563.94000E-06,+28.75228971E-03
-563.91500E-06,+25.23764526E-03
-563.89000E-06,+23.81505107E-03
-563.86500E-06,+25.40500928E-03
-563.84000E-06,+23.64768705E-03
-563.81500E-06,+23.81505107E-03
-563.79000E-06,+23.64768705E-03
-563.76500E-06,+22.05772884E-03
-563.74000E-06,+22.05772884E-03
-563.71500E-06,+23.81505107E-03
-563.69000E-06,+23.64768705E-03
-563.66500E-06,+23.81505107E-03
-563.64000E-06,+23.64768705E-03
-563.61500E-06,+23.81505107E-03
-563.59000E-06,+25.40500928E-03
-563.56500E-06,+21.89036483E-03
-563.54000E-06,+20.46777063E-03
-563.51500E-06,+23.81505107E-03
-563.49000E-06,+25.40500928E-03
-563.46500E-06,+23.64768705E-03
-563.44000E-06,+22.05772884E-03
-563.41500E-06,+23.81505107E-03
-563.39000E-06,+25.40500928E-03
-563.36500E-06,+25.40500928E-03
-563.34000E-06,+23.64768705E-03
-563.31500E-06,+23.81505107E-03
-563.29000E-06,+23.64768705E-03
-563.26500E-06,+22.05772884E-03
-563.24000E-06,+25.57237329E-03
-563.21500E-06,+28.75228971E-03
-563.19000E-06,+25.23764526E-03
-563.16500E-06,+20.30040662E-03
-563.14000E-06,+23.98241508E-03
-563.11500E-06,+25.23764526E-03
-563.09000E-06,+23.81505107E-03
-563.06500E-06,+21.89036483E-03
-563.04000E-06,+22.22509286E-03
-563.01500E-06,+25.40500928E-03
-562.99000E-06,+23.64768705E-03
-562.96500E-06,+23.81505107E-03
-562.94000E-06,+23.64768705E-03
-562.91500E-06,+23.81505107E-03
-562.89000E-06,+27.16233150E-03
-562.86500E-06,+26.99496749E-03
-562.84000E-06,+27.16233150E-03
-562.81500E-06,+25.23764526E-03
-562.79000E-06,+25.57237329E-03
-562.76500E-06,+26.99496749E-03
-562.74000E-06,+27.16233150E-03
-562.71500E-06,+28.75228971E-03
-562.69000E-06,+26.99496749E-03
-562.66500E-06,+25.40500928E-03
-562.64000E-06,+23.64768705E-03
-562.61500E-06,+23.81505107E-03
-562.59000E-06,+21.89036483E-03
-562.56500E-06,+18.71044841E-03
-562.54000E-06,+22.22509286E-03
-562.51500E-06,+23.64768705E-03
-562.49000E-06,+23.81505107E-03
-562.46500E-06,+25.40500928E-03
-562.44000E-06,+25.40500928E-03
-562.41500E-06,+25.40500928E-03
-562.39000E-06,+25.40500928E-03
-562.36500E-06,+27.16233150E-03
-562.34000E-06,+25.23764526E-03
-562.31500E-06,+23.81505107E-03
-562.29000E-06,+25.40500928E-03
-562.26500E-06,+25.40500928E-03
-562.24000E-06,+25.40500928E-03
-562.21500E-06,+27.16233150E-03
-562.19000E-06,+28.75228971E-03
-562.16500E-06,+26.99496749E-03
-562.14000E-06,+23.64768705E-03
-562.11500E-06,+23.81505107E-03
-562.09000E-06,+25.40500928E-03
-562.06500E-06,+25.40500928E-03
-562.04000E-06,+25.40500928E-03
-562.01500E-06,+25.40500928E-03
-561.99000E-06,+23.64768705E-03
-561.96500E-06,+22.05772884E-03
-561.94000E-06,+23.81505107E-03
-561.91500E-06,+23.64768705E-03
-561.89000E-06,+22.05772884E-03
-561.86500E-06,+22.05772884E-03
-561.84000E-06,+23.81505107E-03
-561.81500E-06,+25.40500928E-03
-561.79000E-06,+25.40500928E-03
-561.76500E-06,+21.89036483E-03
-561.74000E-06,+18.71044841E-03
-561.71500E-06,+20.46777063E-03
-561.69000E-06,+22.05772884E-03
-561.66500E-06,+25.57237329E-03
-561.64000E-06,+26.99496749E-03
-561.61500E-06,+27.16233150E-03
-561.59000E-06,+26.99496749E-03
-561.56500E-06,+23.64768705E-03
-561.54000E-06,+22.05772884E-03
-561.51500E-06,+23.81505107E-03
-561.49000E-06,+25.40500928E-03
-561.46500E-06,+25.40500928E-03
-561.44000E-06,+27.16233150E-03
-561.41500E-06,+25.23764526E-03
-561.39000E-06,+25.57237329E-03
-561.36500E-06,+26.99496749E-03
-561.34000E-06,+23.64768705E-03
-561.31500E-06,+23.81505107E-03
-561.29000E-06,+25.40500928E-03
-561.26500E-06,+25.40500928E-03
-561.24000E-06,+25.40500928E-03
-561.21500E-06,+23.64768705E-03
-561.19000E-06,+22.05772884E-03
-561.16500E-06,+25.57237329E-03
-561.14000E-06,+28.75228971E-03
-561.11500E-06,+25.23764526E-03
-561.09000E-06,+22.05772884E-03
-561.06500E-06,+20.30040662E-03
-561.04000E-06,+22.22509286E-03
-561.01500E-06,+25.40500928E-03
-560.99000E-06,+23.64768705E-03
-560.96500E-06,+25.57237329E-03
-560.94000E-06,+23.48032304E-03
-560.91500E-06,+20.46777063E-03
-560.89000E-06,+25.57237329E-03
-560.86500E-06,+26.99496749E-03
-560.84000E-06,+23.64768705E-03
-560.81500E-06,+25.57237329E-03
-560.79000E-06,+26.99496749E-03
-560.76500E-06,+27.16233150E-03
-560.74000E-06,+26.99496749E-03
-560.71500E-06,+27.16233150E-03
-560.69000E-06,+25.23764526E-03
-560.66500E-06,+22.05772884E-03
-560.64000E-06,+25.57237329E-03
-560.61500E-06,+28.75228971E-03
-560.59000E-06,+26.99496749E-03
-560.56500E-06,+23.64768705E-03
-560.54000E-06,+23.81505107E-03
-560.51500E-06,+25.40500928E-03
-560.49000E-06,+25.40500928E-03
-560.46500E-06,+27.16233150E-03
-560.44000E-06,+25.23764526E-03
-560.41500E-06,+20.30040662E-03
-560.39000E-06,+20.46777063E-03
-560.36500E-06,+22.05772884E-03
-560.34000E-06,+23.81505107E-03
-560.31500E-06,+23.64768705E-03
-560.29000E-06,+23.81505107E-03
-560.26500E-06,+25.40500928E-03
-560.24000E-06,+25.40500928E-03
-560.21500E-06,+27.16233150E-03
-560.19000E-06,+26.99496749E-03
-560.16500E-06,+21.89036483E-03
-560.14000E-06,+22.22509286E-03
-560.11500E-06,+23.64768705E-03
-560.09000E-06,+22.05772884E-03
-560.06500E-06,+20.30040662E-03
-560.04000E-06,+22.22509286E-03
-560.01500E-06,+23.64768705E-03
-559.99000E-06,+22.05772884E-03
-559.96500E-06,+20.30040662E-03
-559.94000E-06,+23.98241508E-03
-559.91500E-06,+25.23764526E-03
-559.89000E-06,+22.05772884E-03
-559.86500E-06,+23.81505107E-03
-559.84000E-06,+23.64768705E-03
-559.81500E-06,+22.05772884E-03
-559.79000E-06,+23.81505107E-03
-559.76500E-06,+25.40500928E-03
-559.74000E-06,+25.40500928E-03
-559.71500E-06,+27.16233150E-03
-559.69000E-06,+28.75228971E-03
-559.66500E-06,+23.48032304E-03
-559.64000E-06,+20.46777063E-03
-559.61500E-06,+22.05772884E-03
-559.59000E-06,+23.81505107E-03
-559.56500E-06,+25.40500928E-03
-559.54000E-06,+23.64768705E-03
-559.51500E-06,+23.81505107E-03
-559.49000E-06,+21.89036483E-03
-559.46500E-06,+20.46777063E-03
-559.44000E-06,+25.57237329E-03
-559.41500E-06,+25.23764526E-03
-559.39000E-06,+22.05772884E-03
-559.36500E-06,+20.30040662E-03
-559.34000E-06,+18.71044841E-03
-559.31500E-06,+22.22509286E-03
-559.29000E-06,+25.40500928E-03
-559.26500E-06,+23.64768705E-03
-559.24000E-06,+23.81505107E-03
-559.21500E-06,+27.16233150E-03
-559.19000E-06,+28.75228971E-03
-559.16500E-06,+26.99496749E-03
-559.14000E-06,+27.16233150E-03
-559.11500E-06,+25.23764526E-03
-559.09000E-06,+23.81505107E-03
-559.06500E-06,+23.64768705E-03
-559.04000E-06,+23.81505107E-03
-559.01500E-06,+27.16233150E-03
-558.99000E-06,+26.99496749E-03
-558.96500E-06,+23.64768705E-03
-558.94000E-06,+23.81505107E-03
-558.91500E-06,+23.64768705E-03
-558.89000E-06,+23.81505107E-03
-558.86500E-06,+23.64768705E-03
-558.84000E-06,+23.81505107E-03
-558.81500E-06,+23.64768705E-03
-558.79000E-06,+22.05772884E-03
-558.76500E-06,+25.57237329E-03
-558.74000E-06,+28.75228971E-03
-558.71500E-06,+25.23764526E-03
-558.69000E-06,+23.81505107E-03
-558.66500E-06,+25.40500928E-03
-558.64000E-06,+23.64768705E-03
-558.61500E-06,+25.57237329E-03
-558.59000E-06,+26.99496749E-03
-558.56500E-06,+25.40500928E-03
-558.54000E-06,+25.40500928E-03
-558.51500E-06,+23.64768705E-03
-558.49000E-06,+23.81505107E-03
-558.46500E-06,+23.64768705E-03
-558.44000E-06,+22.05772884E-03
-558.41500E-06,+22.05772884E-03
-558.39000E-06,+22.05772884E-03
-558.36500E-06,+22.05772884E-03
-558.34000E-06,+23.81505107E-03
-558.31500E-06,+23.64768705E-03
-558.29000E-06,+23.81505107E-03
-558.26500E-06,+25.40500928E-03
-558.24000E-06,+27.16233150E-03
-558.21500E-06,+26.99496749E-03
-558.19000E-06,+27.16233150E-03
-558.16500E-06,+26.99496749E-03
-558.14000E-06,+23.64768705E-03
-558.11500E-06,+25.57237329E-03
-558.09000E-06,+25.23764526E-03
-558.06500E-06,+20.30040662E-03
-558.04000E-06,+22.22509286E-03
-558.01500E-06,+25.40500928E-03
-557.99000E-06,+25.40500928E-03
-557.96500E-06,+23.64768705E-03
-557.94000E-06,+23.81505107E-03
-557.91500E-06,+23.64768705E-03
-557.89000E-06,+20.30040662E-03
-557.86500E-06,+22.22509285E-03
-557.84000E-06,+25.40500928E-03
-557.81500E-06,+23.64768705E-03
-557.79000E-06,+22.05772884E-03
-557.76500E-06,+23.81505107E-03
-557.74000E-06,+23.64768705E-03
-557.71500E-06,+25.57237329E-03
-557.69000E-06,+28.75228971E-03
-557.66500E-06,+26.99496749E-03
-557.64000E-06,+25.40500928E-03
-557.61500E-06,+23.64768705E-03
-557.59000E-06,+23.81505107E-03
-557.56500E-06,+27.16233150E-03
-557.54000E-06,+23.48032304E-03
-557.51500E-06,+20.46777063E-03
-557.49000E-06,+23.81505107E-03
-557.46500E-06,+25.40500928E-03
-557.44000E-06,+23.64768705E-03
-557.41500E-06,+23.81505107E-03
-557.39000E-06,+23.64768705E-03
-557.36500E-06,+23.81505107E-03
-557.34000E-06,+21.89036483E-03
-557.31500E-06,+22.22509285E-03
-557.29000E-06,+27.16233150E-03
-557.26500E-06,+28.75228971E-03
-557.24000E-06,+25.23764526E-03
-557.21500E-06,+22.05772884E-03
-557.19000E-06,+22.05772884E-03
-557.16500E-06,+23.81505107E-03
-557.14000E-06,+25.40500928E-03
-557.11500E-06,+27.16233150E-03
-557.09000E-06,+25.23764526E-03
-557.06500E-06,+22.05772884E-03
-557.04000E-06,+23.81505107E-03
-557.01500E-06,+21.89036483E-03
-556.99000E-06,+20.46777063E-03
-556.96500E-06,+22.05772884E-03
-556.94000E-06,+25.57237329E-03
-556.91500E-06,+26.99496749E-03
-556.89000E-06,+25.40500928E-03
-556.86500E-06,+23.64768705E-03
-556.84000E-06,+23.81505107E-03
-556.81500E-06,+23.64768705E-03
-556.79000E-06,+23.81505107E-03
-556.76500E-06,+25.40500928E-03
-556.74000E-06,+25.40500928E-03
-556.71500E-06,+25.40500928E-03
-556.69000E-06,+25.40500928E-03
-556.66500E-06,+27.16233150E-03
-556.64000E-06,+26.99496749E-03
-556.61500E-06,+23.64768705E-03
-556.59000E-06,+23.81505107E-03
-556.56500E-06,+27.16233150E-03
-556.54000E-06,+28.75228971E-03
-556.51500E-06,+28.75228971E-03
-556.49000E-06,+26.99496749E-03
-556.46500E-06,+23.64768705E-03
-556.44000E-06,+22.05772884E-03
-556.41500E-06,+22.05772884E-03
-556.39000E-06,+23.81505107E-03
-556.36500E-06,+25.40500928E-03
-556.34000E-06,+21.89036483E-03
-556.31500E-06,+22.22509285E-03
-556.29000E-06,+25.40500928E-03
-556.26500E-06,+25.40500928E-03
-556.24000E-06,+23.64768705E-03
-556.21500E-06,+23.81505107E-03
-556.19000E-06,+23.64768705E-03
-556.16500E-06,+23.81505107E-03
-556.14000E-06,+25.40500928E-03
-556.11500E-06,+21.89036483E-03
-556.09000E-06,+20.46777063E-03
-556.06500E-06,+22.05772884E-03
-556.04000E-06,+23.81505107E-03
-556.01500E-06,+23.64768705E-03
-555.99000E-06,+23.81505107E-03
-555.96500E-06,+25.40500928E-03
-555.94000E-06,+25.40500928E-03
-555.91500E-06,+25.40500928E-03
-555.89000E-06,+25.40500928E-03
-555.86500E-06,+21.89036483E-03
-555.84000E-06,+20.46777063E-03
-555.81500E-06,+20.30040662E-03
-555.79000E-06,+20.46777063E-03
-555.76500E-06,+22.05772884E-03
-555.74000E-06,+23.81505107E-03
-555.71500E-06,+27.16233150E-03
-555.69000E-06,+28.75228971E-03
-555.66500E-06,+26.99496749E-03
-555.64000E-06,+27.16233150E-03
-555.61500E-06,+30.50961194E-03
-555.59000E-06,+26.82760348E-03
-555.56500E-06,+22.05772884E-03
-555.54000E-06,+23.81505107E-03
-555.51500E-06,+27.16233150E-03
-555.49000E-06,+26.99496749E-03
-555.46500E-06,+23.64768705E-03
-555.44000E-06,+22.05772884E-03
-555.41500E-06,+22.05772884E-03
-555.39000E-06,+23.81505107E-03
-555.36500E-06,+25.40500928E-03
-555.34000E-06,+23.64768705E-03
-555.31500E-06,+22.05772884E-03
-555.29000E-06,+23.81505107E-03
-555.26500E-06,+23.64768705E-03
-555.24000E-06,+22.05772884E-03
-555.21500E-06,+20.30040662E-03
-555.19000E-06,+22.22509285E-03
-555.16500E-06,+25.40500928E-03
-555.14000E-06,+23.64768705E-03
-555.11500E-06,+23.81505107E-03
-555.09000E-06,+23.64768705E-03
-555.06500E-06,+20.30040662E-03
-555.04000E-06,+20.46777063E-03
-555.01500E-06,+22.05772884E-03
-554.99000E-06,+25.57237329E-03
-554.96500E-06,+25.23764527E-03
-554.94000E-06,+22.05772884E-03
-554.91500E-06,+20.30040662E-03
-554.89000E-06,+20.46777063E-03
-554.86500E-06,+25.57237329E-03
-554.84000E-06,+26.99496749E-03
-554.81500E-06,+23.64768705E-03
-554.79000E-06,+25.57237329E-03
-554.76500E-06,+30.50961194E-03
-554.74000E-06,+26.82760348E-03
-554.71500E-06,+23.81505107E-03
-554.69000E-06,+25.40500928E-03
-554.66500E-06,+23.64768705E-03
-554.64000E-06,+23.81505107E-03
-554.61500E-06,+27.16233150E-03
-554.59000E-06,+25.23764527E-03
-554.56500E-06,+20.30040662E-03
-554.54000E-06,+20.46777063E-03
-554.51500E-06,+22.05772884E-03
-554.49000E-06,+22.05772884E-03
-554.46500E-06,+20.30040662E-03
-554.44000E-06,+20.46777063E-03
-554.41500E-06,+23.81505107E-03
-554.39000E-06,+27.16233150E-03
-554.36500E-06,+28.75228971E-03
-554.34000E-06,+23.48032304E-03
-554.31500E-06,+18.71044841E-03
-554.29000E-06,+20.46777063E-03
-554.26500E-06,+23.81505107E-03
-554.24000E-06,+27.16233150E-03
-554.21500E-06,+26.99496749E-03
-554.19000E-06,+23.64768705E-03
-554.16500E-06,+23.81505107E-03
-554.14000E-06,+25.40500928E-03
-554.11500E-06,+21.89036483E-03
-554.09000E-06,+22.22509285E-03
-554.06500E-06,+23.64768705E-03
-554.04000E-06,+25.57237329E-03
-554.01500E-06,+25.23764527E-03
-553.99000E-06,+23.81505107E-03
-553.96500E-06,+23.64768705E-03
-553.94000E-06,+20.30040662E-03
-553.91500E-06,+23.98241508E-03
-553.89000E-06,+26.99496749E-03
-553.86500E-06,+25.40500928E-03
-553.84000E-06,+25.40500928E-03
-553.81500E-06,+23.64768705E-03
-553.79000E-06,+20.30040662E-03
-553.76500E-06,+22.22509285E-03
-553.74000E-06,+21.89036483E-03
-553.71500E-06,+22.22509285E-03
-553.69000E-06,+25.40500928E-03
-553.66500E-06,+23.64768705E-03
-553.64000E-06,+23.81505107E-03
-553.61500E-06,+27.16233150E-03
-553.59000E-06,+26.99496749E-03
-553.56500E-06,+25.40500928E-03
-553.54000E-06,+23.64768705E-03
-553.51500E-06,+22.05772884E-03
-553.49000E-06,+22.05772884E-03
-553.46500E-06,+25.57237329E-03
-553.44000E-06,+25.23764527E-03
-553.41500E-06,+23.81505107E-03
-553.39000E-06,+25.40500928E-03
-553.36500E-06,+25.40500928E-03
-553.34000E-06,+23.64768705E-03
-553.31500E-06,+22.05772884E-03
-553.29000E-06,+20.30040662E-03
-553.26500E-06,+18.71044841E-03
-553.24000E-06,+22.22509285E-03
-553.21500E-06,+23.64768705E-03
-553.19000E-06,+22.05772884E-03
-553.16500E-06,+22.05772884E-03
-553.14000E-06,+199.54727338E-03
-553.11500E-06,+381.22091948E-03
-553.09000E-06,+400.30041803E-03
-553.06500E-06,+400.30041803E-03
-553.04000E-06,+400.30041803E-03
-553.01500E-06,+402.05774025E-03
-552.99000E-06,+405.40502069E-03
-552.96500E-06,+408.75230112E-03
-552.94000E-06,+410.34225933E-03
-552.91500E-06,+406.82761489E-03
-552.89000E-06,+407.16234291E-03
-552.86500E-06,+406.82761489E-03
-552.84000E-06,+405.40502069E-03
-552.81500E-06,+408.75230112E-03
-552.79000E-06,+408.58493711E-03
-552.76500E-06,+406.99497890E-03
-552.74000E-06,+406.99497890E-03
-552.71500E-06,+405.23765667E-03
-552.69000E-06,+403.64769846E-03
-552.66500E-06,+405.40502069E-03
-552.64000E-06,+403.48033445E-03
-552.61500E-06,+403.81506247E-03
-552.59000E-06,+406.99497890E-03
-552.56500E-06,+406.99497890E-03
-552.54000E-06,+406.99497890E-03
-552.51500E-06,+406.99497890E-03
-552.49000E-06,+406.99497890E-03
-552.46500E-06,+405.23765667E-03
-552.44000E-06,+405.40502068E-03
-552.41500E-06,+406.99497890E-03
-552.39000E-06,+406.99497890E-03
-552.36500E-06,+405.23765667E-03
-552.34000E-06,+407.16234291E-03
-552.31500E-06,+412.09958156E-03
-552.29000E-06,+408.41757310E-03
-552.26500E-06,+403.64769846E-03
-552.24000E-06,+405.40502068E-03
-552.21500E-06,+406.99497890E-03
-552.19000E-06,+406.99497890E-03
-552.16500E-06,+405.23765667E-03
-552.14000E-06,+407.16234291E-03
-552.11500E-06,+406.82761489E-03
-552.09000E-06,+405.40502068E-03
-552.06500E-06,+406.99497890E-03
-552.04000E-06,+408.75230112E-03
-552.01500E-06,+408.58493711E-03
-551.99000E-06,+405.23765667E-03
-551.96500E-06,+407.16234291E-03
-551.94000E-06,+408.58493711E-03
-551.91500E-06,+405.23765667E-03
-551.89000E-06,+407.16234291E-03
-551.86500E-06,+406.82761489E-03
-551.84000E-06,+403.64769846E-03
-551.81500E-06,+405.40502068E-03
-551.79000E-06,+408.75230112E-03
-551.76500E-06,+408.58493711E-03
-551.74000E-06,+406.99497890E-03
-551.71500E-06,+408.75230112E-03
-551.69000E-06,+406.82761489E-03
-551.66500E-06,+407.16234291E-03
-551.64000E-06,+406.82761489E-03
-551.61500E-06,+403.64769846E-03
-551.59000E-06,+405.40502068E-03
-551.56500E-06,+406.99497890E-03
-551.54000E-06,+405.23765667E-03
-551.51500E-06,+405.40502068E-03
-551.49000E-06,+408.75230112E-03
-551.46500E-06,+408.58493711E-03
-551.44000E-06,+406.99497890E-03
-551.41500E-06,+406.99497890E-03
-551.39000E-06,+408.75230112E-03
-551.36500E-06,+408.58493711E-03
-551.34000E-06,+406.99497890E-03
-551.31500E-06,+406.99497890E-03
-551.29000E-06,+406.99497890E-03
-551.26500E-06,+406.99497890E-03
-551.24000E-06,+408.75230112E-03
-551.21500E-06,+408.58493711E-03
-551.19000E-06,+405.23765667E-03
-551.16500E-06,+405.40502068E-03
-551.14000E-06,+406.99497890E-03
-551.11500E-06,+408.75230112E-03
-551.09000E-06,+410.34225933E-03
-551.06500E-06,+406.82761489E-03
-551.04000E-06,+405.40502068E-03
-551.01500E-06,+405.23765667E-03
-550.99000E-06,+405.40502068E-03
-550.96500E-06,+406.99497890E-03
-550.94000E-06,+405.23765667E-03
-550.91500E-06,+403.64769846E-03
-550.89000E-06,+407.16234291E-03
-550.86500E-06,+410.34225933E-03
-550.84000E-06,+408.58493711E-03
-550.81500E-06,+405.23765667E-03
-550.79000E-06,+407.16234291E-03
-550.76500E-06,+406.82761489E-03
-550.74000E-06,+403.64769846E-03
-550.71500E-06,+405.40502068E-03
-550.69000E-06,+403.48033445E-03
-550.66500E-06,+402.05774025E-03
-550.64000E-06,+407.16234291E-03
-550.61500E-06,+410.34225933E-03
-550.59000E-06,+410.34225933E-03
-550.56500E-06,+408.58493711E-03
-550.54000E-06,+406.99497890E-03
-550.51500E-06,+406.99497890E-03
-550.49000E-06,+406.99497890E-03
-550.46500E-06,+406.99497890E-03
-550.44000E-06,+403.48033445E-03
-550.41500E-06,+403.81506247E-03
-550.39000E-06,+408.75230112E-03
-550.36500E-06,+408.58493711E-03
-550.34000E-06,+405.23765667E-03
-550.31500E-06,+403.64769846E-03
-550.29000E-06,+405.40502068E-03
-550.26500E-06,+405.23765667E-03
-550.24000E-06,+405.40502068E-03
-550.21500E-06,+406.99497890E-03
-550.19000E-06,+406.99497890E-03
-550.16500E-06,+406.99497890E-03
-550.14000E-06,+406.99497890E-03
-550.11500E-06,+406.99497890E-03
-550.09000E-06,+406.99497890E-03
-550.06500E-06,+406.99497890E-03
-550.04000E-06,+406.99497890E-03
-550.01500E-06,+408.75230112E-03
-549.99000E-06,+410.34225933E-03
-549.96500E-06,+410.34225933E-03
-549.94000E-06,+408.58493711E-03
-549.91500E-06,+406.99497890E-03
-549.89000E-06,+405.23765667E-03
-549.86500E-06,+403.64769846E-03
-549.84000E-06,+407.16234291E-03
-549.81500E-06,+408.58493711E-03
-549.79000E-06,+406.99497890E-03
-549.76500E-06,+405.23765667E-03
-549.74000E-06,+405.40502068E-03
-549.71500E-06,+406.99497890E-03
-549.69000E-06,+405.23765667E-03
-549.66500E-06,+405.40502068E-03
-549.64000E-06,+405.23765667E-03
-549.61500E-06,+403.64769846E-03
-549.59000E-06,+401.89037624E-03
-549.56500E-06,+403.81506247E-03
-549.54000E-06,+405.23765667E-03
-549.51500E-06,+403.64769846E-03
-549.49000E-06,+405.40502068E-03
-549.46500E-06,+405.23765667E-03
-549.44000E-06,+405.40502068E-03
-549.41500E-06,+406.99497890E-03
-549.39000E-06,+406.99497890E-03
-549.36500E-06,+405.23765667E-03
-549.34000E-06,+407.16234291E-03
-549.31500E-06,+406.82761489E-03
-549.29000E-06,+405.40502068E-03
-549.26500E-06,+405.23765667E-03
-549.24000E-06,+405.40502068E-03
-549.21500E-06,+406.99497890E-03
-549.19000E-06,+406.99497890E-03
-549.16500E-06,+406.99497890E-03
-549.14000E-06,+406.99497890E-03
-549.11500E-06,+405.23765668E-03
-549.09000E-06,+407.16234291E-03
-549.06500E-06,+408.58493711E-03
-549.04000E-06,+405.23765668E-03
-549.01500E-06,+405.40502068E-03
-548.99000E-06,+405.23765668E-03
-548.96500E-06,+405.40502068E-03
-548.94000E-06,+405.23765668E-03
-548.91500E-06,+405.40502068E-03
-548.89000E-06,+405.23765668E-03
-548.86500E-06,+403.64769846E-03
-548.84000E-06,+403.64769846E-03
-548.81500E-06,+407.16234291E-03
-548.79000E-06,+408.58493711E-03
-548.76500E-06,+406.99497890E-03
-548.74000E-06,+408.75230112E-03
-548.71500E-06,+408.58493711E-03
-548.69000E-06,+406.99497890E-03
-548.66500E-06,+405.23765668E-03
-548.64000E-06,+407.16234291E-03
-548.61500E-06,+406.82761489E-03
-548.59000E-06,+405.40502068E-03
-548.56500E-06,+406.99497890E-03
-548.54000E-06,+405.23765668E-03
-548.51500E-06,+405.40502068E-03
-548.49000E-06,+408.75230112E-03
-548.46500E-06,+406.82761489E-03
-548.44000E-06,+403.64769846E-03
-548.41500E-06,+403.64769846E-03
-548.39000E-06,+405.40502068E-03
-548.36500E-06,+406.99497890E-03
-548.34000E-06,+401.72301223E-03
-548.31500E-06,+400.46778204E-03
-548.29000E-06,+403.64769846E-03
-548.26500E-06,+403.64769846E-03
-548.24000E-06,+403.64769846E-03
-548.21500E-06,+405.40502068E-03
-548.19000E-06,+408.75230112E-03
-548.16500E-06,+408.58493711E-03
-548.14000E-06,+403.48033445E-03
-548.11500E-06,+402.05774025E-03
-548.09000E-06,+403.64769846E-03
-548.06500E-06,+405.40502068E-03
-548.04000E-06,+405.23765668E-03
-548.01500E-06,+405.40502068E-03
-547.99000E-06,+405.23765668E-03
-547.96500E-06,+407.16234291E-03
-547.94000E-06,+410.34225933E-03
-547.91500E-06,+408.58493711E-03
-547.89000E-06,+405.23765668E-03
-547.86500E-06,+407.16234291E-03
-547.84000E-06,+406.82761489E-03
-547.81500E-06,+405.40502068E-03
-547.79000E-06,+403.48033445E-03
-547.76500E-06,+402.05774025E-03
-547.74000E-06,+405.40502068E-03
-547.71500E-06,+405.23765668E-03
-547.69000E-06,+405.40502068E-03
-547.66500E-06,+405.23765668E-03
-547.64000E-06,+403.64769846E-03
-547.61500E-06,+403.64769846E-03
-547.59000E-06,+405.40502068E-03
-547.56500E-06,+405.23765668E-03
-547.54000E-06,+405.40502068E-03
-547.51500E-06,+406.99497890E-03
-547.49000E-06,+406.99497890E-03
-547.46500E-06,+408.75230112E-03
-547.44000E-06,+408.58493711E-03
-547.41500E-06,+405.23765668E-03
-547.39000E-06,+403.64769846E-03
-547.36500E-06,+405.40502068E-03
-547.34000E-06,+405.23765668E-03
-547.31500E-06,+407.16234291E-03
-547.29000E-06,+408.58493711E-03
-547.26500E-06,+405.23765668E-03
-547.24000E-06,+403.64769846E-03
-547.21500E-06,+407.16234291E-03
-547.19000E-06,+406.82761489E-03
-547.16500E-06,+405.40502068E-03
-547.14000E-06,+406.99497890E-03
-547.11500E-06,+406.99497890E-03
-547.09000E-06,+405.23765668E-03
-547.06500E-06,+405.40502068E-03
-547.04000E-06,+408.75230112E-03
-547.01500E-06,+408.58493711E-03
-546.99000E-06,+405.23765668E-03
-546.96500E-06,+405.40502068E-03
-546.94000E-06,+405.23765668E-03
-546.91500E-06,+407.16234291E-03
-546.89000E-06,+406.82761489E-03
-546.86500E-06,+403.64769846E-03
-546.84000E-06,+405.40502068E-03
-546.81500E-06,+408.75230112E-03
-546.79000E-06,+408.58493711E-03
-546.76500E-06,+405.23765668E-03
-546.74000E-06,+403.64769846E-03
-546.71500E-06,+407.16234291E-03
-546.69000E-06,+408.58493711E-03
-546.66500E-06,+406.99497890E-03
-546.64000E-06,+406.99497890E-03
-546.61500E-06,+405.23765668E-03
-546.59000E-06,+405.40502068E-03
-546.56500E-06,+403.48033445E-03
-546.54000E-06,+402.05774025E-03
-546.51500E-06,+401.89037624E-03
-546.49000E-06,+403.81506247E-03
-546.46500E-06,+405.23765668E-03
-546.44000E-06,+405.40502068E-03
-546.41500E-06,+406.99497890E-03
-546.39000E-06,+408.75230112E-03
-546.36500E-06,+406.82761489E-03
-546.34000E-06,+403.64769846E-03
-546.31500E-06,+405.40502068E-03
-546.29000E-06,+405.23765668E-03
-546.26500E-06,+405.40502068E-03
-546.24000E-06,+408.75230112E-03
-546.21500E-06,+408.58493711E-03
-546.19000E-06,+406.99497890E-03
-546.16500E-06,+405.23765668E-03
-546.14000E-06,+405.40502068E-03
-546.11500E-06,+406.99497890E-03
-546.09000E-06,+406.99497890E-03
-546.06500E-06,+406.99497890E-03
-546.04000E-06,+406.99497890E-03
-546.01500E-06,+405.23765668E-03
-545.99000E-06,+405.40502068E-03
-545.96500E-06,+405.23765668E-03
-545.94000E-06,+403.64769846E-03
-545.91500E-06,+403.64769846E-03
-545.89000E-06,+405.40502068E-03
-545.86500E-06,+408.75230112E-03
-545.84000E-06,+410.34225933E-03
-545.81500E-06,+406.82761489E-03
-545.79000E-06,+405.40502068E-03
-545.76500E-06,+406.99497890E-03
-545.74000E-06,+405.23765668E-03
-545.71500E-06,+401.89037624E-03
-545.69000E-06,+402.05774025E-03
-545.66500E-06,+403.64769846E-03
-545.64000E-06,+403.64769846E-03
-545.61500E-06,+405.40502068E-03
-545.59000E-06,+406.99497890E-03
-545.56500E-06,+405.23765668E-03
-545.54000E-06,+405.40502068E-03
-545.51500E-06,+406.99497890E-03
-545.49000E-06,+406.99497890E-03
-545.46500E-06,+406.99497890E-03
-545.44000E-06,+405.23765668E-03
-545.41500E-06,+405.40502068E-03
-545.39000E-06,+405.23765668E-03
-545.36500E-06,+403.64769846E-03
-545.34000E-06,+403.64769846E-03
-545.31500E-06,+403.64769846E-03
-545.29000E-06,+405.40502068E-03
-545.26500E-06,+405.23765668E-03
-545.24000E-06,+405.40502068E-03
-545.21500E-06,+403.48033445E-03
-545.19000E-06,+403.81506247E-03
-545.16500E-06,+406.99497890E-03
-545.14000E-06,+406.99497890E-03
-545.11500E-06,+405.23765668E-03
-545.09000E-06,+403.64769846E-03
-545.06500E-06,+405.40502068E-03
-545.04000E-06,+406.99497890E-03
-545.01500E-06,+405.23765668E-03
-544.99000E-06,+405.40502068E-03
-544.96500E-06,+405.23765668E-03
-544.94000E-06,+405.40502068E-03
-544.91500E-06,+405.23765668E-03
-544.89000E-06,+407.16234290E-03
-544.86500E-06,+410.34225933E-03
-544.84000E-06,+406.82761489E-03
-544.81500E-06,+405.40502068E-03
-544.79000E-06,+408.75230112E-03
-544.76500E-06,+408.58493711E-03
-544.74000E-06,+406.99497890E-03
-544.71500E-06,+406.99497890E-03
-544.69000E-06,+408.75230112E-03
-544.66500E-06,+406.82761489E-03
-544.64000E-06,+407.16234290E-03
-544.61500E-06,+406.82761489E-03
-544.59000E-06,+407.16234290E-03
-544.56500E-06,+406.82761489E-03
-544.54000E-06,+405.40502068E-03
-544.51500E-06,+406.99497890E-03
-544.49000E-06,+405.23765668E-03
-544.46500E-06,+401.89037624E-03
-544.44000E-06,+402.05774025E-03
-544.41500E-06,+405.40502068E-03
-544.39000E-06,+405.23765668E-03
-544.36500E-06,+403.64769846E-03
-544.34000E-06,+405.40502068E-03
-544.31500E-06,+405.23765668E-03
-544.29000E-06,+405.40502068E-03
-544.26500E-06,+405.23765668E-03
-544.24000E-06,+403.64769846E-03
-544.21500E-06,+401.89037624E-03
-544.19000E-06,+402.05774025E-03
-544.16500E-06,+403.64769846E-03
-544.14000E-06,+405.40502068E-03
-544.11500E-06,+406.99497890E-03
-544.09000E-06,+405.23765668E-03
-544.06500E-06,+403.64769846E-03
-544.04000E-06,+403.64769846E-03
-544.01500E-06,+403.64769846E-03
-543.99000E-06,+405.40502068E-03
-543.96500E-06,+406.99497890E-03
-543.94000E-06,+406.99497890E-03
-543.91500E-06,+405.23765668E-03
-543.89000E-06,+403.64769846E-03
-543.86500E-06,+405.40502068E-03
-543.84000E-06,+406.99497890E-03
-543.81500E-06,+406.99497890E-03
-543.79000E-06,+406.99497890E-03
-543.76500E-06,+406.99497890E-03
-543.74000E-06,+405.23765668E-03
-543.71500E-06,+405.40502068E-03
-543.69000E-06,+408.75230112E-03
-543.66500E-06,+406.82761489E-03
-543.64000E-06,+407.16234290E-03
-543.61500E-06,+406.82761489E-03
-543.59000E-06,+405.40502068E-03
-543.56500E-06,+406.99497890E-03
-543.54000E-06,+405.23765668E-03
-543.51500E-06,+405.40502068E-03
-543.49000E-06,+405.23765668E-03
-543.46500E-06,+401.89037624E-03
-543.44000E-06,+402.05774025E-03
-543.41500E-06,+401.89037624E-03
-543.39000E-06,+402.05774025E-03
-543.36500E-06,+403.64769846E-03
-543.34000E-06,+403.64769846E-03
-543.31500E-06,+405.40502068E-03
-543.29000E-06,+406.99497890E-03
-543.26500E-06,+405.23765668E-03
-543.24000E-06,+405.40502068E-03
-543.21500E-06,+405.23765668E-03
-543.19000E-06,+407.16234290E-03
-543.16500E-06,+408.58493711E-03
-543.14000E-06,+405.23765668E-03
-543.11500E-06,+405.40502068E-03
-543.09000E-06,+408.75230112E-03
-543.06500E-06,+406.82761489E-03
-543.04000E-06,+405.40502068E-03
-543.01500E-06,+405.23765668E-03
-542.99000E-06,+407.16234290E-03
-542.96500E-06,+406.82761489E-03
-542.94000E-06,+405.40502068E-03
-542.91500E-06,+405.23765668E-03
-542.89000E-06,+405.40502068E-03
-542.86500E-06,+406.99497890E-03
-542.84000E-06,+406.99497890E-03
-542.81500E-06,+405.23765668E-03
-542.79000E-06,+405.40502068E-03
-542.76500E-06,+406.99497890E-03
-542.74000E-06,+406.99497890E-03
-542.71500E-06,+406.99497890E-03
-542.69000E-06,+406.99497890E-03
-542.66500E-06,+406.99497890E-03
-542.64000E-06,+405.23765668E-03
-542.61500E-06,+401.89037624E-03
-542.59000E-06,+403.81506247E-03
-542.56500E-06,+406.99497890E-03
-542.54000E-06,+406.99497890E-03
-542.51500E-06,+405.23765668E-03
-542.49000E-06,+403.64769846E-03
-542.46500E-06,+405.40502068E-03
-542.44000E-06,+405.23765668E-03
-542.41500E-06,+403.64769846E-03
-542.39000E-06,+405.40502068E-03
-542.36500E-06,+406.99497890E-03
-542.34000E-06,+406.99497890E-03
-542.31500E-06,+406.99497890E-03
-542.29000E-06,+406.99497890E-03
-542.26500E-06,+406.99497890E-03
-542.24000E-06,+406.99497890E-03
-542.21500E-06,+408.75230112E-03
-542.19000E-06,+410.34225933E-03
-542.16500E-06,+408.58493711E-03
-542.14000E-06,+408.75230112E-03
-542.11500E-06,+405.07029267E-03
-542.09000E-06,+402.05774025E-03
-542.06500E-06,+407.16234290E-03
-542.04000E-06,+406.82761489E-03
-542.01500E-06,+403.64769846E-03
-541.99000E-06,+405.40502068E-03
-541.96500E-06,+405.23765668E-03
-541.94000E-06,+401.89037624E-03
-541.91500E-06,+402.05774025E-03
-541.89000E-06,+403.64769846E-03
-541.86500E-06,+405.40502068E-03
-541.84000E-06,+403.48033446E-03
-541.81500E-06,+402.05774025E-03
-541.79000E-06,+403.64769846E-03
-541.76500E-06,+403.64769846E-03
-541.74000E-06,+403.64769846E-03
-541.71500E-06,+403.64769846E-03
-541.69000E-06,+405.40502068E-03
-541.66500E-06,+405.23765668E-03
-541.64000E-06,+405.40502068E-03
-541.61500E-06,+405.23765668E-03
-541.59000E-06,+403.64769846E-03
-541.56500E-06,+401.89037624E-03
-541.54000E-06,+400.30041803E-03
-541.51500E-06,+402.05774025E-03
-541.49000E-06,+401.89037624E-03
-541.46500E-06,+403.81506247E-03
-541.44000E-06,+406.99497890E-03
-541.41500E-06,+405.23765668E-03
-541.39000E-06,+405.40502068E-03
-541.36500E-06,+406.99497890E-03
-541.34000E-06,+408.75230112E-03
-541.31500E-06,+406.82761489E-03
-541.29000E-06,+405.40502068E-03
-541.26500E-06,+405.23765668E-03
-541.24000E-06,+403.64769846E-03
-541.21500E-06,+405.40502068E-03
-541.19000E-06,+406.99497890E-03
-541.16500E-06,+410.50962334E-03
-541.14000E-06,+410.17489533E-03
-541.11500E-06,+406.99497890E-03
-541.09000E-06,+406.99497890E-03
-541.06500E-06,+405.23765668E-03
-541.04000E-06,+405.40502068E-03
-541.01500E-06,+408.75230112E-03
-540.99000E-06,+406.82761489E-03
-540.96500E-06,+407.16234290E-03
-540.94000E-06,+406.82761489E-03
-540.91500E-06,+403.64769846E-03
-540.89000E-06,+403.64769846E-03
-540.86500E-06,+403.64769846E-03
-540.84000E-06,+401.89037624E-03
-540.81500E-06,+402.05774025E-03
-540.79000E-06,+405.40502068E-03
-540.76500E-06,+406.99497890E-03
-540.74000E-06,+408.75230112E-03
-540.71500E-06,+410.34225933E-03
-540.69000E-06,+405.07029267E-03
-540.66500E-06,+403.81506247E-03
-540.64000E-06,+406.99497890E-03
-540.61500E-06,+405.23765668E-03
-540.59000E-06,+403.64769846E-03
-540.56500E-06,+403.64769846E-03
-540.54000E-06,+405.40502068E-03
-540.51500E-06,+403.48033446E-03
-540.49000E-06,+403.81506247E-03
-540.46500E-06,+405.23765668E-03
-540.44000E-06,+405.40502068E-03
-540.41500E-06,+405.23765668E-03
-540.39000E-06,+405.40502068E-03
-540.36500E-06,+406.99497890E-03
-540.34000E-06,+405.23765668E-03
-540.31500E-06,+403.64769846E-03
-540.29000E-06,+403.64769846E-03
-540.26500E-06,+403.64769846E-03
-540.24000E-06,+403.64769846E-03
-540.21500E-06,+405.40502068E-03
-540.19000E-06,+406.99497890E-03
-540.16500E-06,+405.23765668E-03
-540.14000E-06,+407.16234290E-03
-540.11500E-06,+406.82761489E-03
-540.09000E-06,+403.64769846E-03
-540.06500E-06,+403.64769846E-03
-540.04000E-06,+403.64769846E-03
-540.01500E-06,+407.16234290E-03
-539.99000E-06,+406.82761489E-03
-539.96500E-06,+405.40502068E-03
-539.94000E-06,+406.99497890E-03
-539.91500E-06,+405.23765668E-03
-539.89000E-06,+403.64769846E-03
-539.86500E-06,+405.40502068E-03
-539.84000E-06,+405.23765668E-03
-539.81500E-06,+407.16234290E-03
-539.79000E-06,+408.58493711E-03
-539.76500E-06,+405.23765668E-03
-539.74000E-06,+403.64769846E-03
-539.71500E-06,+400.13305402E-03
-539.69000E-06,+400.46778203E-03
-539.66500E-06,+405.40502068E-03
-539.64000E-06,+406.99497890E-03
-539.61500E-06,+406.99497890E-03
-539.59000E-06,+406.99497890E-03
-539.56500E-06,+406.99497890E-03
-539.54000E-06,+405.23765668E-03
-539.51500E-06,+405.40502068E-03
-539.49000E-06,+406.99497890E-03
-539.46500E-06,+405.23765668E-03
-539.44000E-06,+403.64769846E-03
-539.41500E-06,+403.64769846E-03
-539.39000E-06,+405.40502068E-03
-539.36500E-06,+403.48033446E-03
-539.34000E-06,+403.81506247E-03
-539.31500E-06,+405.23765668E-03
-539.29000E-06,+405.40502068E-03
-539.26500E-06,+406.99497890E-03
-539.24000E-06,+406.99497890E-03
-539.21500E-06,+405.23765668E-03
-539.19000E-06,+401.89037624E-03
-539.16500E-06,+402.05774025E-03
-539.14000E-06,+403.64769846E-03
-539.11500E-06,+405.40502068E-03
-539.09000E-06,+406.99497890E-03
-539.06500E-06,+406.99497890E-03
-539.04000E-06,+406.99497890E-03
-539.01500E-06,+408.75230112E-03
-538.99000E-06,+406.82761489E-03
-538.96500E-06,+403.64769846E-03
-538.94000E-06,+405.40502068E-03
-538.91500E-06,+405.23765668E-03
-538.89000E-06,+405.40502068E-03
-538.86500E-06,+408.75230112E-03
-538.84000E-06,+406.82761489E-03
-538.81500E-06,+401.89037624E-03
-538.79000E-06,+403.81506247E-03
-538.76500E-06,+406.99497890E-03
-538.74000E-06,+405.23765668E-03
-538.71500E-06,+403.64769846E-03
-538.69000E-06,+401.89037624E-03
-538.66500E-06,+398.54309581E-03
-538.64000E-06,+400.46778203E-03
-538.61500E-06,+405.40502068E-03
-538.59000E-06,+406.99497890E-03
-538.56500E-06,+405.23765668E-03
-538.54000E-06,+403.64769846E-03
-538.51500E-06,+405.40502068E-03
-538.49000E-06,+406.99497890E-03
-538.46500E-06,+408.75230112E-03
-538.44000E-06,+406.82761489E-03
-538.41500E-06,+403.64769846E-03
-538.39000E-06,+405.40502068E-03
-538.36500E-06,+406.99497890E-03
-538.34000E-06,+405.23765668E-03
-538.31500E-06,+403.64769846E-03
-538.29000E-06,+407.16234290E-03
-538.26500E-06,+408.58493711E-03
-538.24000E-06,+406.99497890E-03
-538.21500E-06,+408.75230112E-03
-538.19000E-06,+408.58493711E-03
-538.16500E-06,+408.75230112E-03
-538.14000E-06,+406.82761489E-03
-538.11500E-06,+403.64769846E-03
-538.09000E-06,+405.40502068E-03
-538.06500E-06,+405.23765668E-03
-538.04000E-06,+405.40502068E-03
-538.01500E-06,+405.23765668E-03
-537.99000E-06,+405.40502068E-03
-537.96500E-06,+406.99497890E-03
-537.94000E-06,+405.23765668E-03
-537.91500E-06,+405.40502068E-03
-537.89000E-06,+406.99497890E-03
-537.86500E-06,+406.99497890E-03
-537.84000E-06,+403.48033446E-03
-537.81500E-06,+402.05774025E-03
-537.79000E-06,+403.64769846E-03
-537.76500E-06,+403.64769846E-03
-537.74000E-06,+403.64769846E-03
-537.71500E-06,+405.40502068E-03
-537.69000E-06,+405.23765668E-03
-537.66500E-06,+403.64769846E-03
-537.64000E-06,+403.64769846E-03
-537.61500E-06,+405.40502068E-03
-537.59000E-06,+406.99497890E-03
-537.56500E-06,+406.99497890E-03
-537.54000E-06,+406.99497890E-03
-537.51500E-06,+406.99497890E-03
-537.49000E-06,+405.23765668E-03
-537.46500E-06,+405.40502068E-03
-537.44000E-06,+406.99497890E-03
-537.41500E-06,+405.23765668E-03
-537.39000E-06,+405.40502068E-03
-537.36500E-06,+403.48033446E-03
-537.34000E-06,+400.30041803E-03
-537.31500E-06,+402.05774025E-03
-537.29000E-06,+405.40502068E-03
-537.26500E-06,+403.48033446E-03
-537.24000E-06,+402.05774025E-03
-537.21500E-06,+407.16234290E-03
-537.19000E-06,+408.58493711E-03
-537.16500E-06,+406.99497890E-03
-537.14000E-06,+406.99497890E-03
-537.11500E-06,+405.23765668E-03
-537.09000E-06,+407.16234290E-03
-537.06500E-06,+406.82761489E-03
-537.04000E-06,+403.64769846E-03
-537.01500E-06,+407.16234290E-03
-536.99000E-06,+408.58493711E-03
-536.96500E-06,+405.23765668E-03
-536.94000E-06,+403.64769846E-03
-536.91500E-06,+403.64769846E-03
-536.89000E-06,+405.40502068E-03
-536.86500E-06,+406.99497890E-03
-536.84000E-06,+403.48033446E-03
-536.81500E-06,+403.81506247E-03
-536.79000E-06,+405.23765668E-03
-536.76500E-06,+403.64769846E-03
-536.74000E-06,+405.40502068E-03
-536.71500E-06,+405.23765668E-03
-536.69000E-06,+405.40502068E-03
-536.66500E-06,+406.99497890E-03
-536.64000E-06,+408.75230112E-03
-536.61500E-06,+408.58493711E-03
-536.59000E-06,+405.23765668E-03
-536.56500E-06,+405.40502068E-03
-536.54000E-06,+406.99497890E-03
-536.51500E-06,+408.75230112E-03
-536.49000E-06,+408.58493711E-03
-536.46500E-06,+405.23765668E-03
-536.44000E-06,+401.89037624E-03
-536.41500E-06,+402.05774025E-03
-536.39000E-06,+405.40502068E-03
-536.36500E-06,+406.99497890E-03
-536.34000E-06,+406.99497890E-03
-536.31500E-06,+406.99497890E-03
-536.29000E-06,+406.99497890E-03
-536.26500E-06,+408.75230112E-03
-536.24000E-06,+410.34225933E-03
-536.21500E-06,+405.07029267E-03
-536.19000E-06,+402.05774025E-03
-536.16500E-06,+403.64769846E-03
-536.14000E-06,+407.16234290E-03
-536.11500E-06,+408.58493711E-03
-536.09000E-06,+408.75230112E-03
-536.06500E-06,+405.07029267E-03
-536.04000E-06,+402.05774025E-03
-536.01500E-06,+401.89037624E-03
-535.99000E-06,+405.57238469E-03
-535.96500E-06,+408.58493711E-03
-535.94000E-06,+405.23765668E-03
-535.91500E-06,+403.64769846E-03
-535.89000E-06,+403.64769846E-03
-535.86500E-06,+405.40502068E-03
-535.84000E-06,+408.75230112E-03
-535.81500E-06,+408.58493711E-03
-535.79000E-06,+405.23765668E-03
-535.76500E-06,+405.40502068E-03
-535.74000E-06,+406.99497890E-03
-535.71500E-06,+405.23765668E-03
-535.69000E-06,+405.40502068E-03
-535.66500E-06,+406.99497890E-03
-535.64000E-06,+405.23765668E-03
-535.61500E-06,+405.40502068E-03
-535.59000E-06,+406.99497890E-03
-535.56500E-06,+403.48033446E-03
-535.54000E-06,+402.05774025E-03
-535.51500E-06,+405.40502068E-03
-535.49000E-06,+405.23765668E-03
-535.46500E-06,+401.89037624E-03
-535.44000E-06,+405.57238468E-03
-535.41500E-06,+410.34225933E-03
-535.39000E-06,+410.34225933E-03
-535.36500E-06,+406.82761489E-03
-535.34000E-06,+407.16234290E-03
-535.31500E-06,+406.82761489E-03
-535.29000E-06,+405.40502068E-03
-535.26500E-06,+405.23765668E-03
-535.24000E-06,+403.64769846E-03
-535.21500E-06,+405.40502068E-03
-535.19000E-06,+408.75230112E-03
-535.16500E-06,+408.58493711E-03
-535.14000E-06,+408.75230112E-03
-535.11500E-06,+406.82761489E-03
-535.09000E-06,+403.64769846E-03
-535.06500E-06,+405.40502068E-03
-535.04000E-06,+406.99497890E-03
-535.01500E-06,+405.23765668E-03
-534.99000E-06,+403.64769846E-03
-534.96500E-06,+403.64769846E-03
-534.94000E-06,+403.64769846E-03
-534.91500E-06,+403.64769846E-03
-534.89000E-06,+405.40502068E-03
-534.86500E-06,+406.99497890E-03
-534.84000E-06,+408.75230112E-03
-534.81500E-06,+408.58493711E-03
-534.79000E-06,+406.99497890E-03
-534.76500E-06,+405.23765668E-03
-534.74000E-06,+405.40502068E-03
-534.71500E-06,+406.99497890E-03
-534.69000E-06,+406.99497890E-03
-534.66500E-06,+405.23765668E-03
-534.64000E-06,+405.40502068E-03
-534.61500E-06,+406.99497890E-03
-534.59000E-06,+406.99497890E-03
-534.56500E-06,+406.99497890E-03
-534.54000E-06,+406.99497890E-03
-534.51500E-06,+406.99497890E-03
-534.49000E-06,+403.48033446E-03
-534.46500E-06,+403.81506247E-03
-534.44000E-06,+408.75230112E-03
-534.41500E-06,+406.82761489E-03
-534.39000E-06,+401.89037624E-03
-534.36500E-06,+405.57238468E-03
-534.34000E-06,+408.58493711E-03
-534.31500E-06,+405.23765668E-03
-534.29000E-06,+407.16234290E-03
-534.26500E-06,+406.82761489E-03
-534.24000E-06,+405.40502068E-03
-534.21500E-06,+406.99497890E-03
-534.19000E-06,+406.99497890E-03
-534.16500E-06,+406.99497890E-03
-534.14000E-06,+406.99497890E-03
-534.11500E-06,+405.23765668E-03
-534.09000E-06,+405.40502068E-03
-534.06500E-06,+405.23765668E-03
-534.04000E-06,+407.16234290E-03
-534.01500E-06,+406.82761489E-03
-533.99000E-06,+405.40502068E-03
-533.96500E-06,+406.99497890E-03
-533.94000E-06,+403.48033446E-03
-533.91500E-06,+403.81506246E-03
-533.89000E-06,+405.23765668E-03
-533.86500E-06,+403.64769846E-03
-533.84000E-06,+405.40502068E-03
-533.81500E-06,+405.23765668E-03
-533.79000E-06,+403.64769846E-03
-533.76500E-06,+403.64769846E-03
-533.74000E-06,+403.64769846E-03
-533.71500E-06,+401.89037624E-03
-533.69000E-06,+400.30041803E-03
-533.66500E-06,+403.81506246E-03
-533.64000E-06,+405.23765668E-03
-533.61500E-06,+403.64769846E-03
-533.59000E-06,+405.40502068E-03
-533.56500E-06,+403.48033446E-03
-533.54000E-06,+402.05774025E-03
-533.51500E-06,+401.89037624E-03
-533.49000E-06,+402.05774025E-03
-533.46500E-06,+401.89037624E-03
-533.44000E-06,+402.05774025E-03
-533.41500E-06,+403.64769846E-03
-533.39000E-06,+403.64769846E-03
-533.36500E-06,+403.64769846E-03
-533.34000E-06,+405.40502068E-03
-533.31500E-06,+408.75230112E-03
-533.29000E-06,+406.82761489E-03
-533.26500E-06,+405.40502068E-03
-533.24000E-06,+405.23765668E-03
-533.21500E-06,+405.40502068E-03
-533.19000E-06,+405.23765668E-03
-533.16500E-06,+405.40502068E-03
-533.14000E-06,+406.99497890E-03
-533.11500E-06,+405.23765668E-03
-533.09000E-06,+405.40502068E-03
-533.06500E-06,+406.99497890E-03
-533.04000E-06,+406.99497890E-03
-533.01500E-06,+406.99497890E-03
-532.99000E-06,+406.99497890E-03
-532.96500E-06,+405.23765668E-03
-532.94000E-06,+405.40502068E-03
-532.91500E-06,+406.99497890E-03
-532.89000E-06,+405.23765668E-03
-532.86500E-06,+403.64769846E-03
-532.84000E-06,+403.64769846E-03
-532.81500E-06,+403.64769846E-03
-532.79000E-06,+403.64769846E-03
-532.76500E-06,+405.40502068E-03
-532.74000E-06,+405.23765668E-03
-532.71500E-06,+403.64769846E-03
-532.69000E-06,+401.89037624E-03
-532.66500E-06,+402.05774025E-03
-532.64000E-06,+407.16234290E-03
-532.61500E-06,+408.58493711E-03
-532.59000E-06,+406.99497890E-03
-532.56500E-06,+406.99497890E-03
-532.54000E-06,+408.75230112E-03
-532.51500E-06,+406.82761490E-03
-532.49000E-06,+405.40502068E-03
-532.46500E-06,+403.48033446E-03
-532.44000E-06,+403.81506246E-03
-532.41500E-06,+406.99497890E-03
-532.39000E-06,+405.23765668E-03
-532.36500E-06,+405.40502068E-03
-532.34000E-06,+403.48033446E-03
-532.31500E-06,+400.30041803E-03
-532.29000E-06,+405.57238468E-03
-532.26500E-06,+408.58493711E-03
-532.24000E-06,+406.99497890E-03
-532.21500E-06,+405.23765668E-03
-532.19000E-06,+403.64769846E-03
-532.16500E-06,+405.40502068E-03
-532.14000E-06,+406.99497890E-03
-532.11500E-06,+406.99497890E-03
-532.09000E-06,+406.99497890E-03
-532.06500E-06,+405.23765668E-03
-532.04000E-06,+401.89037624E-03
-532.01500E-06,+402.05774025E-03
-531.99000E-06,+403.64769846E-03
-531.96500E-06,+403.64769846E-03
-531.94000E-06,+403.64769846E-03
-531.91500E-06,+405.40502068E-03
-531.89000E-06,+408.75230112E-03
-531.86500E-06,+408.58493711E-03
-531.84000E-06,+405.23765668E-03
-531.81500E-06,+403.64769846E-03
-531.79000E-06,+403.64769846E-03
-531.76500E-06,+405.40502068E-03
-531.74000E-06,+406.99497890E-03
-531.71500E-06,+405.23765668E-03
-531.69000E-06,+405.40502068E-03
-531.66500E-06,+405.23765668E-03
-531.64000E-06,+405.40502068E-03
-531.61500E-06,+406.99497890E-03
-531.59000E-06,+405.23765668E-03
-531.56500E-06,+403.64769846E-03
-531.54000E-06,+407.16234290E-03
-531.51500E-06,+406.82761490E-03
-531.49000E-06,+407.16234290E-03
-531.46500E-06,+410.34225933E-03
-531.44000E-06,+406.82761490E-03
-531.41500E-06,+405.40502068E-03
-531.39000E-06,+405.23765668E-03
-531.36500E-06,+403.64769846E-03
-531.34000E-06,+407.16234290E-03
-531.31500E-06,+406.82761490E-03
-531.29000E-06,+403.64769846E-03
-531.26500E-06,+405.40502068E-03
-531.24000E-06,+406.99497890E-03
-531.21500E-06,+406.99497890E-03
-531.19000E-06,+406.99497890E-03
-531.16500E-06,+406.99497890E-03
-531.14000E-06,+406.99497890E-03
-531.11500E-06,+405.23765668E-03
-531.09000E-06,+405.40502068E-03
-531.06500E-06,+406.99497890E-03
-531.04000E-06,+405.23765668E-03
-531.01500E-06,+405.40502068E-03
-530.99000E-06,+405.23765668E-03
-530.96500E-06,+403.64769846E-03
-530.94000E-06,+405.40502068E-03
-530.91500E-06,+403.48033446E-03
-530.89000E-06,+403.81506246E-03
-530.86500E-06,+406.99497890E-03
-530.84000E-06,+406.99497890E-03
-530.81500E-06,+406.99497890E-03
-530.79000E-06,+405.23765668E-03
-530.76500E-06,+407.16234290E-03
-530.74000E-06,+406.82761490E-03
-530.71500E-06,+403.64769846E-03
-530.69000E-06,+405.40502068E-03
-530.66500E-06,+405.23765668E-03
-530.64000E-06,+403.64769846E-03
-530.61500E-06,+403.64769846E-03
-530.59000E-06,+403.64769846E-03
-530.56500E-06,+403.64769846E-03
-530.54000E-06,+403.64769846E-03
-530.51500E-06,+403.64769846E-03
-530.49000E-06,+405.40502068E-03
-530.46500E-06,+403.48033446E-03
-530.44000E-06,+403.81506246E-03
-530.41500E-06,+403.48033446E-03
-530.39000E-06,+402.05774025E-03
-530.36500E-06,+401.89037624E-03
-530.34000E-06,+403.81506246E-03
-530.31500E-06,+406.99497890E-03
-530.29000E-06,+406.99497890E-03
-530.26500E-06,+408.75230112E-03
-530.24000E-06,+406.82761490E-03
-530.21500E-06,+401.89037624E-03
-530.19000E-06,+403.81506246E-03
-530.16500E-06,+405.23765668E-03
-530.14000E-06,+403.64769846E-03
-530.11500E-06,+403.64769846E-03
-530.09000E-06,+405.40502068E-03
-530.06500E-06,+406.99497890E-03
-530.04000E-06,+408.75230112E-03
-530.01500E-06,+406.82761490E-03
-529.99000E-06,+403.64769846E-03
-529.96500E-06,+407.16234290E-03
-529.94000E-06,+408.58493711E-03
-529.91500E-06,+405.23765668E-03
-529.89000E-06,+405.40502068E-03
-529.86500E-06,+406.99497890E-03
-529.84000E-06,+408.75230112E-03
-529.81500E-06,+408.58493711E-03
-529.79000E-06,+406.99497890E-03
-529.76500E-06,+406.99497890E-03
-529.74000E-06,+405.23765668E-03
-529.71500E-06,+405.40502068E-03
-529.69000E-06,+405.23765668E-03
-529.66500E-06,+407.16234290E-03
-529.64000E-06,+406.82761490E-03
-529.61500E-06,+407.16234290E-03
-529.59000E-06,+408.58493711E-03
-529.56500E-06,+405.23765668E-03
-529.54000E-06,+403.64769846E-03
-529.51500E-06,+405.40502068E-03
-529.49000E-06,+405.23765668E-03
-529.46500E-06,+403.64769846E-03
-529.44000E-06,+403.64769846E-03
-529.41500E-06,+405.40502068E-03
-529.39000E-06,+406.99497890E-03
-529.36500E-06,+405.23765668E-03
-529.34000E-06,+403.64769846E-03
-529.31500E-06,+407.16234290E-03
-529.29000E-06,+408.58493711E-03
-529.26500E-06,+408.75230112E-03
-529.24000E-06,+405.07029268E-03
-529.21500E-06,+402.05774024E-03
-529.19000E-06,+405.40502068E-03
-529.16500E-06,+405.23765668E-03
-529.14000E-06,+403.64769846E-03
-529.11500E-06,+403.64769846E-03
-529.09000E-06,+403.64769846E-03
-529.06500E-06,+405.40502068E-03
-529.04000E-06,+406.99497890E-03
-529.01500E-06,+406.99497890E-03
-528.99000E-06,+406.99497890E-03
-528.96500E-06,+406.99497890E-03
-528.94000E-06,+406.99497890E-03
-528.91500E-06,+405.23765668E-03
-528.89000E-06,+405.40502068E-03
-528.86500E-06,+408.75230112E-03
-528.84000E-06,+406.82761490E-03
-528.81500E-06,+403.64769846E-03
-528.79000E-06,+405.40502068E-03
-528.76500E-06,+406.99497890E-03
-528.74000E-06,+408.75230112E-03
-528.71500E-06,+408.58493711E-03
-528.69000E-06,+406.99497890E-03
-528.66500E-06,+405.23765668E-03
-528.64000E-06,+407.16234290E-03
-528.61500E-06,+406.82761490E-03
-528.59000E-06,+403.64769846E-03
-528.56500E-06,+405.40502068E-03
-528.54000E-06,+406.99497890E-03
-528.51500E-06,+406.99497890E-03
-528.49000E-06,+405.23765668E-03
-528.46500E-06,+405.40502068E-03
-528.44000E-06,+405.23765668E-03
-528.41500E-06,+403.64769846E-03
-528.39000E-06,+405.40502068E-03
-528.36500E-06,+405.23765668E-03
-528.34000E-06,+403.64769846E-03
-528.31500E-06,+403.64769846E-03
-528.29000E-06,+403.64769846E-03
-528.26500E-06,+403.64769846E-03
